26.9785285476364,10.3805547498849,0.141545
8.52096866386679,-27.6376772453206,-0.252555
-16.8746918105636,24.0769316405691,-1.11946
26.0486267461566,12.7834580192850,0.5792
-13.1709261100129,-26.9822155565824,-1.452425
14.1974069302504,25.2742136671267,0.508525
-14.8190926045972,24.9003133791740,0.47258
29.6298379312652,3.91863995020581,1.409855
25.3562011613054,-14.8636164845762,-1.11043
1.85225899591726,29.0301142046815,0.729155
29.0326160902771,0.0514952486130593,0.61675
-19.7171264805439,21.2564508625896,-0.52032
24.9721145869881,14.5495828237351,0.067155
-25.0140889866033,14.4798699413523,-0.09146
23.9791220947416,16.2175625351059,0.377825
-28.8134487330000,-4.97856743253383,-0.951485
13.8132459174935,-25.3964538662290,0.17254
27.2350650835079,-9.83607242418864,-0.40892
-23.7129388537105,16.6267878198902,0.42423
-6.62269166664034,-28.1489244747020,-0.228485
-5.0144748550657,28.9638319854643,1.113275
19.6363070450542,-21.9129082233454,1.13888
15.4866365419979,-24.4965465805532,-0.48717
27.7659295467595,-10.5557952170971,1.32914
-14.8341807019950,-24.8501944737905,-0.348575
27.0235769944208,10.6512292499461,0.647395
-0.52702613441407,28.8966625987748,0.06637
26.084556364964,12.4668339420372,-0.178465
3.80613977301105,29.1911389492647,-1.151085
-15.7916092552402,-24.2363033524466,-0.28351
-25.0319968173428,-15.3324678466810,1.075585
-7.15104699603944,-28.1187343701939,-0.573115
-25.321592347299,-14.1470685290259,0.552755
-28.5290183164007,-5.72590723818147,0.744765
18.0503602655318,22.5698272543089,0.011785
14.1758843763887,25.6567227226211,-1.033135
-25.427337330232,-13.907155716169,0.489265
28.9716173872384,-2.83662856603333,0.7657
-28.2934214142487,6.18625409654309,0.426215
17.6056880089841,-23.3355031951287,-0.941075
14.2734213440191,-25.1632274769141,-0.29625
10.0131131374162,-27.3266912205366,0.75428
-25.7147778267359,15.1916429999137,1.402095
15.3434924626127,-25.3168663559591,-1.27105
-14.3037800328752,25.2424144924215,-0.572155
-18.3771917859359,22.3680297470179,0.380615
-28.0903677291149,-6.99967611289941,-0.381555
-28.6243956602834,-4.89040756484749,0.63094
19.9487936139073,-22.3969384347939,1.443715
-6.58555763899677,28.1974103071708,-0.406865
29.1060383215251,-6.4676379234051,-1.38163
29.1378883597059,2.55700371961589,0.96291
-16.1334436625067,-24.1506325128039,-0.64083
-18.2949237629496,-22.4950139600862,0.526245
-27.4625294518699,-12.7855720670515,-1.496175
-27.8048113765058,-9.97722654482928,-1.229465
13.9615458950721,-25.4232324992978,0.550275
24.3648998008793,16.5284549976209,-1.154325
29.9101992350395,1.13129417196002,-1.42499
19.2542185828656,-21.8288400867151,-0.760525
9.756451649107,-27.2302813572136,0.274665
-20.0052147361792,-20.9161226752158,0.35628
-12.7781500742947,26.1049385403732,-0.68309
-19.1343846437049,-22.1071197541546,0.94832
5.94001505939205,28.2949772145703,-0.18742
19.292703345762,-22.7160794621689,1.37615
29.0977449634828,4.37418696794086,1.139635
-13.0582959218156,-26.0824088341702,-0.856635
-29.1893773885626,-0.216378037139274,0.886755
21.3246499498775,-19.6551957476444,-0.541525
-29.3320403231163,0.451410144085591,-1.05682
-28.1830162447057,-8.81776007160485,1.2221
28.8876410010199,0.875692121939738,-0.052315
26.6448026754839,-11.3499108608502,-0.424955
28.8189303272905,-2.95198349552147,-0.452005
-12.862419219361,-26.5714193805802,-1.215375
-28.1013705292306,-7.67995987230326,-0.801235
-21.6244772220824,19.4401268048922,-0.708945
-28.4510694348409,-8.00767958136288,1.24036
24.4535993495184,-15.7077395315669,0.681835
20.8600144351391,-20.0061510369226,-0.09561
16.1675038866766,24.0411377091728,-0.458485
-28.9018487124312,-2.18358061497153,-0.49554
20.9772014963986,20.167841977193,0.74758
-27.6575664810502,8.38292654930835,0.01527
-13.4168325958161,-26.3123584108459,-1.225895
13.8891188054689,-25.5068902072308,-0.63966
26.9803871095477,10.3895894206906,-0.18678
13.0450869368139,-26.2908786878693,-1.07058
-4.55074555719199,28.5447315954906,0.124865
-14.3997664229204,-25.4228452100608,-0.923135
-27.3041288731736,10.0309541434378,-0.727825
-28.6627044792820,4.81591344194536,0.68291
-7.20266002698715,28.1010456463404,-0.56243
-28.7102193193129,3.46541026809507,-0.235525
-23.4660856119483,-18.2469932744276,-1.339835
28.9054058482766,-1.98582871760723,0.46391
-28.4509799722358,-7.3807388104492,1.1115
17.6246752729582,-22.9074870767394,0.094485
-4.79418923133295,28.5354387491437,-0.323805
24.0009578364242,-16.2019694276891,0.412115
20.915239797612,20.9259956402136,-1.260065
4.21180547915235,28.6691240164459,-0.47397
27.3805672976980,-11.1214856278822,1.238015
-23.9607171145117,16.2440498768206,0.376315
-11.6307033250658,-26.4793404862481,0.25057
-18.8626899357518,21.9233408498064,0.25111
-10.5210326992501,-27.4326655556826,1.100745
22.6434216764426,-18.5290251318232,0.97292
28.2468693806631,-8.92462465837994,-1.283195
7.10850505887139,28.1598415441947,0.639605
21.4738824656578,19.7190907494093,0.835525
-12.653154770512,-26.0746049872070,-0.4907
20.3870790346329,-20.5527211698435,0.380435
23.3810787410816,17.487989934082,0.8969
9.96998202426878,27.2249306791290,-0.52011
23.6365107402744,17.0769097813403,0.844035
-18.5028093818138,23.1255971395613,-1.279215
8.25589992904054,-27.8487723101776,0.647095
-23.9410232497467,16.5983695155800,-0.801495
-26.4501472497718,-11.8461010310703,-0.488365
-23.4197652897096,-17.7271686285368,-1.09272
17.0024840980670,-23.7017921654991,-0.85782
6.15358502761467,-28.2416349572293,-0.11305
-10.0681961471904,27.2037990695293,-0.55677
-9.33975692619588,27.5152484633647,0.66846
20.7848720007118,20.2186801055271,0.52973
-4.41313847942692,-29.6798919282268,1.447385
-26.3711282425386,12.3933198871527,0.810985
9.79769400329755,-27.2797246446045,-0.50012
-29.6642910476544,-0.649222184329703,1.31116
27.5290899701152,8.85590939830181,-0.23467
-13.0866254507984,26.3342904386750,1.124
22.9533910873345,-17.6192582356800,-0.326985
27.5611308979182,8.7129846013124,-0.129175
-21.973711703195,18.7944835066062,0.211525
-15.0793290076532,-24.6651178784648,-0.16779
-7.30721262131971,-27.9886599072931,-0.28234
-7.65480335129489,28.6390305054844,-1.295785
-29.1179790088042,0.711128612769794,-0.792845
28.3783326191075,8.13519443961438,-1.21573
18.1319745893735,-23.2668615746401,-1.198285
25.0265145284472,-14.8077957239972,-0.710895
15.3315553872315,24.5171902514345,-0.22017
-28.8606538229626,-4.39967696800539,-0.892055
23.7283543439908,-16.7955701109684,0.695625
-7.55299132249514,28.8147171297828,1.369555
1.51676728937009,-28.9690031760213,-0.560575
11.6859970557607,-26.7339490645395,-0.867745
19.3855805776439,-22.4059640928267,-1.286185
24.3143408438775,-15.6289001011503,0.111465
22.9370907791197,17.5955031138790,0.161165
-28.8372658458091,3.52891088969683,0.658735
12.2195983302231,26.431587395076,0.781295
21.5672084352145,19.2794095930982,0.28942
1.64742148164186,29.4249080595094,1.177685
27.9155632763241,-7.61526107276875,-0.325
-14.6614769121970,-25.0736720638565,0.64471
9.10589047533972,27.8846090712792,1.055035
-21.6571833941333,19.1776743880437,-0.287375
-21.0859213067209,-19.7775193339316,-0.16963
15.1000609438076,-24.9630247740449,-0.86527
-18.7958656185964,-22.1475307051221,0.650095
-27.0707980107416,-10.1527959123496,0.189865
-28.5780223147862,5.4215673399305,0.72662
1.847773558051,-29.2105749504557,-0.985265
-28.6332408923144,4.05026774540695,0.23348
-28.8563861485446,1.60608983134503,0.05605
-28.4964594188886,-5.53209839194979,0.60738
-7.6278161653772,-29.0587125876453,-1.45694
7.4503585976408,28.2925497431512,0.97145
18.510680665708,23.0705712051724,-1.255145
27.4840964508294,10.9279218165860,1.25402
16.4116173529371,-24.1705406469981,-0.920545
-8.76006180097597,-27.6345392758597,-0.51111
7.60776516083517,28.5493570709849,1.2329
-22.6294729057771,-17.9961022150954,-0.19592
2.62771877005530,29.4342184490090,-1.2368
19.8615721212698,-21.7064686617908,1.13731
-26.1972947493394,-12.2034776750633,-0.025965
22.0711014861445,18.7249971178827,0.360915
0.777892098686865,-28.8935192636249,0.10929
16.0583436624372,-24.171129021456,-0.585995
-21.5385368986056,20.4571461554224,1.32942
-16.0107993803907,-24.9138943420101,-1.27819
-2.03915559216878,-29.5497622684028,-1.281275
-25.2680182042813,-14.294077843171,0.612845
25.0201441869524,15.6884333781941,-1.22329
-19.8932381206575,-21.4547014404770,-0.972835
-16.4894827141324,-24.8145792092798,1.37202
-14.9099593512679,24.9883880334462,-0.745835
11.4925096173745,-27.7200119054314,-1.44786
26.7031358662013,-11.1619144356064,0.35293
-13.6840265133785,-25.6934032993323,0.76577
15.9399528508056,-24.1511692319319,0.331955
28.6717071452428,3.8514381292063,-0.29468
-16.3857586285134,-24.1186429001616,0.841425
-28.1454295655989,-7.23341608435221,-0.67423
29.3550028181205,-2.15442997906680,1.1475
-5.87688182964444,28.6627476099182,0.97375
-20.8936596150881,-20.4786953561678,0.97036
-26.1426011755649,-14.1116786037672,1.330925
19.7160303109124,21.7132166319226,-1.05014
-25.6856225869092,-13.8168467434133,-0.85281
-1.62730881883637,29.3029054474117,-1.069305
6.4795486084394,-28.1720925910492,0.15116
-10.9383306085758,27.5130617496227,1.273675
10.7955214239361,27.2243014410361,-1.005175
0.0274439350642911,28.9004781467589,0.038455
-8.76394651974679,-27.5641427899260,-0.26638
7.77077143111232,27.9755200866819,-0.62129
28.4973206217286,7.48674098861718,1.172425
2.28310303607422,-29.0712662147345,0.845185
-7.25054270400425,-28.2353255691594,0.83126
-29.2292957737784,3.22580444877412,-1.124045
25.2431304256405,-14.1463140634107,-0.329875
27.4458454565802,-9.30960662068866,0.4885
1.28113976295788,-29.0444595448901,-0.698765
3.84311142254859,-29.8553872769456,1.470045
-20.1376188939364,-21.1578104929726,0.912125
5.99140509905183,-28.3743624311103,-0.538575
24.7342325071947,16.8921466302983,1.43156
-12.3691259763566,26.1218462130707,-0.083975
8.02064385797055,28.8951483069579,-1.442215
-20.3345205939534,-20.9964046843215,0.937575
-14.2956106993180,-25.2160344469427,0.5018
-29.3937509247617,-3.64581489372005,1.280635
-26.3001545079988,11.9880734460991,0.102325
-18.9349832885748,-22.1990917622169,0.869355
0.348419732015746,-28.9053408818122,0.149235
-24.5133397994589,-15.6830781626872,0.7499
-20.8138225590224,-20.0498831815723,-0.012515
-6.68310477977581,28.3087991374399,0.72523
21.1373840182425,20.5901588870443,-1.20623
15.9957404885218,24.0790982249701,0.15376
20.7599314845684,21.1508396916692,-1.291255
-27.1319109158170,-9.97733408892251,-0.157235
18.2530916574610,-23.6566017027750,-1.406955
28.3470593938418,-5.77731129607875,-0.29749
-26.5081857958066,11.8552431020129,0.629395
-5.18080915077117,28.708203818296,-0.86131
19.0359263407404,21.7517514283873,-0.123655
5.31732421828304,28.4244583698192,-0.22867
-14.6642056039262,-25.9472232189395,-1.37665
20.8283320549813,-20.1560325469378,-0.49556
21.4931354609227,19.3960141457782,-0.387795
-28.8901817867269,-0.776916683767721,-0.04341
-19.985326732069,-21.1438713610254,0.738285
-25.8953287500407,13.3089572223218,0.77418
-11.0809508941290,-26.7198991587975,0.280545
26.7555308666016,-13.2738519579144,-1.40221
28.8909091553822,0.759232096727215,0.05141
-2.56967247251747,-28.8683275631158,0.49052
-26.9449945358924,-10.4593217003204,0.106845
-28.0425749064953,-8.62873198540633,1.06141
28.809864247935,3.16297324991845,0.491965
-24.1662694175232,15.9353946043681,-0.37366
26.5725803829147,11.6647860766830,-0.588235
-26.4702745958141,13.1289685383564,1.234085
-9.49564088057925,-28.7698899664979,-1.49642
-27.1528512065029,9.91462833923537,0.137915
-19.9626812456210,21.7543324722354,1.218765
-28.8184228558394,5.98333705199975,1.146705
13.8032643816365,-25.3964567184991,0.124675
-20.5283974512595,-20.8412888981901,0.967375
-24.3523958218798,-16.053089786687,0.8549
-11.2461600195973,26.8308898682194,-0.735125
-13.7748818972409,-25.4637782456502,-0.387225
-27.0776101599801,10.1523001425076,-0.233385
-28.4235992110702,-5.51912677727909,-0.40058
-28.9746558910609,-0.317782558928663,0.472605
-16.8040521595568,23.7635311515886,0.75638
27.2826053553519,9.72341508189006,0.43188
-12.0817984030397,27.1801249733937,1.34914
-23.4183296711382,17.0756242163979,-0.491095
-22.3727705539385,18.2980305872042,-0.08786
-8.37489566307875,27.7518651086347,0.50626
29.8260021448222,-0.98236280352135,-1.39242
9.32054997579594,27.6424792524812,0.86076
25.2560088712474,14.0691889207374,-0.175855
-10.5489875678089,-27.3753685476601,-1.05887
-20.0302116846724,20.8883389577177,-0.34471
19.4435244402963,-21.8277806940415,0.941005
19.7035945349342,-21.2166469823720,-0.40158
-26.2212296406055,12.214056031375,-0.28013
1.74071541204675,-28.9633072188288,0.577365
-27.4758457986306,-9.4754130766535,-0.68163
27.9412233918713,9.48297869358237,1.204915
0.519088720860822,-29.1341079298107,0.811915
5.01070544974257,28.5432280239062,0.482445
-5.73476704936671,29.0180965323305,1.255595
11.1877573514228,-27.1678778429960,1.101005
7.97852265125774,27.9825369414809,0.744415
-24.0606946139364,16.0418227516524,-0.23238
-29.2344440698333,-5.76671651548285,-1.3738
4.6524026786894,28.6478699736851,0.5953
-28.1234783335702,6.6543099351634,0.000505
28.3284927828860,5.85363484232498,0.28306
10.2931401599073,-27.0170562091192,0.184715
22.8763095480417,17.7692547653100,0.442445
19.3001629209619,-22.5068721227931,1.298385
13.4659440128087,26.4047871836294,1.29336
27.8348660914831,8.07525985684592,0.490825
9.13126300612266,-28.1387661090494,-1.258155
-9.31230336612432,-27.9214421348981,-1.147045
-25.9346297527355,-13.2487738746142,-0.78655
27.1803991090485,-10.0725924896123,-0.502695
-28.7768637978429,2.98734013857631,0.305835
15.1953997731277,25.2277049386179,-1.1613
2.19665586875883,28.8555523087546,0.340005
27.3066442986360,10.9883688679295,-1.148065
26.0672857139627,-12.4828285537492,-0.07702
29.8451220240212,1.09434741132806,1.401415
14.9845707844733,-25.8105999658846,1.39355
6.90956160117695,-28.0619256878006,0.013895
-15.6138913471659,25.3865836556054,1.376465
28.9362157516404,1.33471955220590,0.443245
-23.5820515140122,-17.8997442271347,-1.272605
-20.8243186505402,-20.1593535899012,0.493905
29.7735679845622,2.68475983448073,-1.41221
-13.9688995001633,26.0538588047177,-1.244335
10.5368161526149,26.9526868389339,0.340285
-25.7921578471166,-13.1355519303486,-0.36225
-3.85217165415644,28.6976173509474,-0.40248
-28.8392682899464,-2.22449098814777,-0.272365
27.7262579577600,-9.51909020130347,-1.035555
-25.5922452966981,-13.5076084370792,-0.336295
-28.4135908309258,-6.78093319490262,0.915165
-25.7601718252126,-13.1006378032279,0.012885
11.8270781942939,26.8669068828321,-1.076
21.2482786219588,20.3215073412804,1.11945
4.20683073996889,28.9811345787208,1.003235
15.3715470352300,24.8534383069239,0.92975
29.3231312193503,0.98444841063259,1.06097
15.9202926917921,-24.1475982142587,0.26382
-25.7249934322544,-14.1732731527153,1.091425
-29.0871051141019,-2.73001916289308,-0.91958
28.1040394675725,9.04286842386302,1.21695
0.92433592168857,-29.4500536435760,1.17258
8.39208279844208,-27.8098397300738,0.650685
28.6652618238469,5.48911444561451,0.881145
26.4737094674741,11.6089301989082,0.14647
22.4823930058626,-18.5966230699359,-0.86837
-28.8858910476519,-6.19761442617783,1.23127
20.0328257163904,-20.8695194049069,-0.29039
-4.95241077942712,-29.2572496747846,1.312295
24.9361373759780,-14.7088841379103,0.38793
5.16525622140182,28.519708555547,-0.493995
-27.2067674137566,-11.0431870349745,-1.083385
27.4875529142183,-9.28844425248289,-0.57477
29.1882623927556,-3.44550472380398,-1.109845
-26.9734590701036,10.6340636072098,0.52259
15.0108267346192,24.8331094245149,0.581685
-27.6801215298996,-9.0615402511944,0.791145
-5.44452237503562,28.3886068018403,0.133815
8.17202806285243,-28.6405438904987,1.3675
-17.2002242354771,-24.3725675553835,-1.38776
-24.5751091033687,15.4641699300572,-0.62362
5.08691202098814,-28.9471714252721,-1.109675
-13.4026670862243,-25.6966334103726,0.488755
-19.4263067416136,21.4429575422646,-0.317995
-25.7772790736027,-13.0683842301250,0.045975
10.0749671807121,-28.4232881535315,-1.48003
-29.3088942062636,5.06725791441092,1.34881
22.7738243769226,-17.9696746501473,-0.562815
28.1418303398923,6.57643869997571,-0.01051
6.10429497438106,-28.2487347377580,0.04746
24.5110039503237,15.3741983028372,0.315875
17.4690266975909,23.846296324805,-1.24296
-25.3803920323349,14.0436424785505,-0.555595
-8.96003161825279,-27.7710427856214,0.87367
-5.97504367229159,28.5726790375708,-0.887515
-26.4164733522573,12.3749668263965,0.860525
-29.9684655617012,1.53826889774817,1.44785
20.2877198953092,-21.0728840471304,0.965015
16.7924717662213,-23.6250912454265,0.49786
-26.4159598289104,-12.2310534628237,-0.765715
28.8868404168004,7.18103376762939,1.359445
-16.8915947707113,-23.5242336133692,-0.422005
18.8922370109161,21.9225796091619,-0.343535
7.6401943037489,-27.8850292955553,0.19519
-29.3953534803350,2.82104204134186,1.22222
17.4572359639378,-23.8954746128111,1.26445
16.6835729738413,-23.7045349010017,0.50344
-8.6246387732696,27.8726704947536,-0.86783
27.319656441328,11.6341884975283,-1.323325
17.7100914118336,-23.8410930196269,-1.32625
-0.463329421496581,29.7736748653766,-1.36463
29.0197057297689,0.82066036380976,-0.613745
28.8631215668714,-4.09644507048522,0.83272
17.031880624436,-23.3764963732214,0.26223
29.8122025408177,-2.35094339430155,1.415885
-19.3439686541462,-22.0999310641694,1.090445
21.7217664703492,19.1001636096157,-0.272315
29.5113681890961,1.74612829743109,1.24475
-5.41517483841298,28.6005614834029,-0.763235
17.5201238088089,-23.1559780302015,-0.626535
3.67585359991096,-29.4440922109469,-1.311855
-21.5484312248034,20.8979764164328,-1.450455
18.6620387616664,-22.0758175957002,-0.14449
-3.11592320078951,29.2103967966117,1.096205
6.72554897671315,28.1115199849667,-0.120585
-23.4031286006435,-17.3744549038656,-0.825405
-29.1774247295370,-2.65862179331715,1.01797
27.0995146702010,11.6799250147832,1.20699
6.96742848212081,28.3590311244674,0.90318
9.15083536089928,27.5417007910816,0.592815
24.2684575935962,-16.5008497029427,-1.06809
26.3991068003435,12.4916154298165,0.90711
19.3177691871015,-21.5893458804033,0.453705
29.0762682314588,0.563807205986786,-0.715665
-29.7247257147067,-2.45466779201358,-1.38579
26.9295918663120,-11.6336493500569,-1.056345
-7.82070547793731,-28.5875686246065,-1.29205
-15.171282014174,-25.4982019455610,-1.31054
-14.8468845048607,-24.9737044356545,0.661365
-9.82739895789645,-27.8635074571762,1.233005
28.793370291551,-2.64708754380545,-0.21015
-12.2234463238768,27.0330108949826,1.309325
29.3787924496572,0.583058340605097,-1.104045
25.845763696686,-12.9309348090167,0.011615
-24.5051895582328,15.6591444786849,0.71458
28.2709403873497,-6.58991278646151,-0.608185
20.6003526549416,-20.4418431785509,0.591225
3.40319190855843,-29.6677119982731,1.4003
-13.7021698252936,-25.4568306734278,-0.174625
-9.42532881825396,-28.1284540585810,-1.30791
-6.68092114507591,-28.7254454903532,-1.19406
22.9209837217998,17.7103627408683,-0.440015
13.8761059500465,-25.5461499720357,0.696485
-19.9301689149490,21.3543629996650,-0.9131
-1.34807760792625,28.9707456847644,-0.543935
29.5185865407250,-0.334093877231933,-1.215085
28.9475344033154,-3.39491400154744,0.82299
-21.6003713736258,20.8137286110907,-1.4447
-27.1129187189927,-10.9204063498262,-0.938085
-10.7248544462923,27.3434098375266,1.091865
18.2969175957977,22.6561345597984,0.784945
7.44429103798373,28.0056087655511,-0.477765
-17.1211951029933,-23.2960819082675,0.18086
-2.00653760739729,-29.0346571611705,0.75508
-27.3937916636366,-9.22470938579969,0.12573
23.9851120078067,16.1397673697870,0.171355
7.5892095191583,27.9081967174359,-0.2541
-18.6957655014294,-22.8432230068067,1.213685
-29.6528065163298,-2.47942722788813,-1.354855
-20.5703188709215,20.9669622835255,1.09294
-22.2374404404615,-18.6236573014452,-0.55371
8.90980855616013,27.5647195631406,-0.44946
-28.8473894008953,2.04663538064757,0.24352
-29.0588195416725,5.52485817687263,1.255615
-28.5084375290289,4.78366925657669,-0.144705
-25.8752554166388,-13.5219413156413,0.89384
12.8267593963581,-26.9659812072847,1.39988
0.116578201254329,-30.0445805775883,-1.45734
22.7491257643058,17.8485080591141,-0.213395
-14.082705814373,-25.6160508199853,-0.94105
12.6521577149361,26.1578040082673,0.66804
-15.5502887690447,-25.7543898337836,1.466525
22.3304713038377,-19.0502342397780,1.07353
-21.5293204302083,-19.3517350268815,-0.377395
-28.9184247777808,-0.657749646435839,0.27757
27.7782838430437,-9.4120035495719,-1.050715
-12.9162224589454,27.2761510705763,-1.48374
27.4946532374947,12.7210513097415,1.496315
27.5492759809817,-9.00531875646697,-0.49423
24.5947189597347,15.2069576077413,-0.220445
-22.887132079234,-19.1086312934405,-1.38141
17.9189100730731,-23.6232554837333,-1.299265
6.25672517219861,28.9431379012679,1.27615
5.22159503931378,-29.097377747966,1.24421
1.19348221438734,29.9636168348843,1.44213
17.3871045572313,-23.5013929101986,-0.943635
1.13017603477052,-29.2910481023763,-1.033485
-4.75571929410778,-28.6324036494864,0.598715
12.8947763675167,-25.9276223100310,-0.410125
-26.4046792729473,-12.1193226789789,-0.66028
-27.0699315634666,11.6059896923520,-1.16328
20.9917485625190,20.8729910985170,-1.27072
28.9855749121219,-5.48256535238545,1.199645
-28.5705756509427,4.61668121502178,0.349035
0.64929743132443,29.0310497463322,0.629125
10.7350437914509,-26.8411364803022,-0.15724
-6.05096144071806,-29.1526015116736,-1.36311
9.14233916845745,-27.4963225058729,0.47252
-25.4785163601203,14.0257108445023,0.71971
-26.3307240057616,-12.4994429759766,0.8245
29.5332776849582,1.68561918123259,-1.2569
-18.6779739078476,-22.0681178895286,-0.18453
-19.1532193493062,21.6886161444655,-0.322755
10.9252411392502,27.8219823067155,-1.41071
-14.9412871809222,-25.3704808468925,-1.15524
-7.86611170591368,27.8305150289754,0.249
-12.7664321951714,-25.9570500885688,0.281425
18.7890169444752,22.3494556363961,0.897375
-25.2407079780310,15.3341182084797,-1.22442
25.5211273647270,-14.0801615181126,0.82543
26.7187374446392,-12.4577133281523,1.184935
20.5919311258547,20.5647803447382,0.75213
-23.9160840410559,16.778894517449,0.91953
29.0525670604504,-1.73179841454147,0.755475
-10.7528318972903,27.0452167822264,0.755955
-9.498864370819,28.2020668832339,-1.356035
6.27159671522753,-28.6603635341627,-1.05985
23.9261981673575,-16.6484875799933,-0.82689
4.59780924124281,-28.7578785198315,0.787115
3.46689514291324,-28.8807987974327,0.727345
17.7775914229989,23.0717890959260,0.79251
26.0451289789672,13.1518832331968,-0.869055
10.9206740305997,26.8723941062232,-0.555535
19.7928595878778,21.0593293038406,-0.047015
28.5909582219884,-4.25094526678220,-0.125365
-29.2107364262836,3.70668324988860,-1.15669
-28.6021101184186,-7.11058587041882,1.179045
24.9450071081308,-15.6513564190328,-1.15965
-28.9628204098224,0.438222637894103,0.4405
-13.8434430142831,-26.5345154606811,-1.424005
-28.2174779791909,9.57251955304343,1.373445
-25.4385655398031,15.1760113963152,-1.28215
18.2799360452407,22.7095387744209,-0.8332
26.0100231213414,12.6799260331193,-0.3274
-15.8136884653834,-24.5662821625749,-0.920955
10.8585070267498,27.161146910854,-0.964545
23.6924203223473,17.1626770054449,-0.96968
28.7545077164395,-6.37785257444227,1.16354
25.4590247188626,13.705155408401,0.201145
-29.5056357044671,5.35974816666079,1.44245
3.19474223194978,-28.8518046756842,0.606635
-5.47765340669966,28.553694663663,0.7019
-0.748840749710766,-28.9799930079916,-0.510845
12.1629415999847,26.2583285287158,-0.337665
-3.90992832255309,-28.7050875698871,0.453345
5.63428583281938,29.3678169923988,-1.415415
21.2312398043576,-21.0371998419134,-1.410135
9.51951325758771,-27.3234760208506,-0.31893
-22.8906940659222,-17.7378274549818,0.416
23.1289061178155,-17.45781593672,0.477265
-16.8272825498240,23.5286276046764,-0.281735
28.5050092970261,-8.0375680183933,1.279125
27.2319523647629,-10.6040470207264,0.930765
-1.44801300302054,29.9518132413161,1.441965
28.81104167979,-2.2720143129028,-0.03821
-2.68517603530372,28.7751193915466,-0.01987
26.6692094377027,12.6612510191908,1.216255
-2.36491774562663,28.9357314808577,-0.615755
-5.67318544110333,28.6910803877313,0.95898
9.58478285510639,28.5182431886317,1.466735
25.8808234714429,-12.9802206142583,0.39691
28.7751700668566,4.12454339506043,0.69221
17.4298086162277,-23.8712896118619,-1.24094
-28.1587686306977,6.50773867969364,-0.05435
-12.6852361442208,26.1357941543471,0.65711
1.19835442193509,29.3157515254876,-1.061555
19.6561230283666,21.4810669510211,0.77711
-19.8277188851505,21.2354712806910,0.660235
-11.1430891720775,27.5408919452721,-1.33175
-17.6606250749476,23.3627300656779,-1.00534
26.2044050305199,14.0333307777912,-1.339795
-11.2238436562113,-26.727177029174,0.506815
-28.1916795087863,-6.3592114211785,-0.004305
25.3628027916005,13.8777071047302,0.18367
23.6670212295455,16.931322014541,-0.74796
-21.4629882619249,-19.4424979756390,-0.41935
28.5552895121986,-9.02597792916733,1.430225
29.0675608752722,1.60815893362651,0.76882
28.7343997300984,4.16375135836183,-0.62082
29.3652595202853,-5.9137203222897,-1.432415
15.1411184385187,24.6474651488749,0.2815
-13.0480543457654,27.1356212739698,1.47164
-5.65251939519451,-28.8935535292958,-1.15362
-20.4064053275708,-20.5154095593725,-0.327535
27.9459084616636,-7.53747333853091,0.36289
-21.2010614900656,-20.7104570740169,-1.292005
-26.2516008134141,13.6479767941526,-1.26082
-24.7916192115140,15.2121000720030,-0.72462
-28.9750017457780,-0.839990869748001,0.50391
-6.18039080288003,-29.0029836896341,-1.30144
-28.2325817617594,6.30691149116265,-0.29082
27.8526370814023,-7.73249265417913,0.1348
-28.5211492843538,-5.03276332293711,-0.426055
-29.1154937966628,-1.18935676719317,0.81353
28.3429784282469,-5.89952845261266,0.38577
-28.9269164591281,-1.56736432454308,0.45082
-19.4048452242479,21.5436487225282,0.523805
28.3670829154847,5.74044715633651,-0.352815
19.4860064012576,-22.434485563527,-1.33471
28.3472165289812,-6.86626826083409,0.854145
28.5232110046379,7.42022243165002,1.17894
2.92591668129841,28.7680074582691,0.22132
29.2392424488875,2.75389004953968,-1.089175
-17.7167959409116,-23.7331164949609,1.2792
-28.9849598511468,-0.316333587656944,0.50254
-14.2088612097626,-25.6952447187803,-1.083015
23.5622053823815,18.3529211178562,-1.401915
23.7558276807333,-17.1729964611550,-1.033635
9.7242645381305,-28.248251384011,-1.405185
-4.27054175531943,28.8693706575761,-0.8776
-29.2229644993834,-3.26620958068057,1.12242
-20.4221615954564,-21.2129681243631,-1.15736
-11.8414954152944,26.4056426437731,0.340805
25.103319491863,14.4748052373076,-0.47598
18.0089684438444,22.6541272997890,-0.34474
-14.3329363489439,25.2293752376835,-0.579475
-28.6871721273301,3.50199729894625,0.02023
14.9732939924475,-24.7240038898509,-0.11741
22.3483407483517,18.3772682230651,-0.31723
23.6053376281965,-16.7574444339072,-0.37889
26.2418080563993,-12.5498011511074,-0.72765
27.4711127426563,-10.5942839861657,-1.155205
-14.7943078311980,24.8881787227441,-0.396265
23.729689813453,17.3079097766731,1.091505
7.45919800385899,-28.0554429093915,0.61107
-28.3310071115367,-9.48015683478243,1.405145
25.2019173103927,-14.6549783698948,0.833855
-25.403860578378,13.9357517976484,-0.468935
21.0629606838271,20.3353662047870,0.99505
-28.2616211628787,-6.65210430552718,-0.61959
28.7706142948518,3.39519024787985,0.453675
4.10853931983493,28.6070516294631,-0.041735
22.7126100952737,-18.2914946621856,-0.84745
-5.1940198282979,-28.5164416659193,-0.49949
28.8186125871543,-6.62316940229539,1.24937
-15.9204752117081,-24.9681855605829,1.276355
16.766161162188,23.5498458072188,-0.159125
-28.0553473579230,8.87648486990157,1.14083
24.0518681226537,-16.9893759735484,-1.158435
-11.3476146221365,-26.8733336897185,0.859905
-1.54689735099946,-29.1103046829293,0.83123
27.0436229417326,10.5148059519735,0.578
-26.7819048058305,10.8900298066071,-0.183775
-13.6924829542250,25.4504589073913,0.000845
16.4862489263715,-23.7413445693047,0.11101
-28.8958197080453,-3.52981450612779,-0.76648
-2.72324212950045,28.7745769421235,-0.09723
-28.9330590704327,4.78298068584093,1.04688
-22.5784137802124,19.4844872082078,-1.384715
30.0450683068553,0.511436805455351,-1.458455
-28.680638733495,4.69463400745139,0.67869
-26.3987892057693,11.7616408667818,0.033995
-5.60342201911135,28.5492481930502,0.73772
-24.4590365132205,-15.8541248819772,0.82592
-26.4311832297661,13.1022711902258,1.20034
-28.1149049724307,8.91798863288394,1.196535
-23.3762545684591,-17.0387482264342,0.283035
22.2792666006448,-19.6982361384807,-1.346325
-7.19680916031317,-28.1470015454656,0.65897
13.6410655388358,26.7553685265814,1.45419
-2.74439788989609,28.8737018961624,0.548385
23.9486561438803,-18.5633482948608,1.496715
28.7450520848744,-3.86345992726151,-0.54759
22.0098678637661,-18.7300336534004,-0.044665
-20.5199010232953,-20.3650409276806,0.174865
1.44633267482103,-29.1996478514556,-0.94542
-10.0986836720656,27.1448105998344,-0.42835
-20.0930043308485,20.8333455661952,0.36077
3.69201707529750,28.8707622575071,-0.758445
10.7307475909687,27.5072235064425,1.21921
1.8924308275313,29.1635891104155,-0.932305
-4.33066992831969,-29.5282620692957,1.393205
28.8922134277503,2.46187405440429,0.53042
-28.6875602736934,-4.47105409250802,0.61946
0.251996676601641,-28.9264832505020,0.28632
-27.0820932141247,11.1053355365564,-0.98715
20.9337222792189,20.0410342147912,-0.484515
-28.6332708697144,3.98446658901633,0.16563
5.55117164801125,-28.7272903854839,0.973385
-29.0426416476927,-2.69709796454790,-0.85511
28.8088201746975,-4.75346784387917,-0.897795
28.6847317578029,-3.59973427327884,0.17049
-0.423917251769667,-29.4932951364877,-1.197245
29.1732703123176,3.70527557931577,1.12481
-23.7980809680142,-17.1602347779081,1.061095
1.27601755308838,-28.8770271053864,0.124835
28.8201778134967,-2.14672002704584,-0.00718
28.8728304157339,-1.31371680017237,-0.089965
-22.2052751165999,-19.9865299053853,1.40525
-6.17011748703793,-28.3898431239719,-0.65917
-29.0011487023703,-0.110982306594883,0.542045
-11.4520338401371,-26.7683816164046,-0.77415
-24.0075684431728,-17.2541888487016,1.24589
27.1796188181460,11.6686855003794,1.25507
-6.6148311729379,-28.6781280091521,1.14511
4.49466242836451,-28.6698426494673,-0.587935
14.5814471153973,25.6799725645635,-1.22263
23.910151777664,-16.5816529210818,-0.743435
-27.2758058231499,10.5487385693726,-0.95656
-16.4240937049011,23.7796855901407,0.027185
28.8748273651141,2.37699665184113,0.460705
-3.632259739846,-29.1933616374576,-1.134275
-9.03905326698653,-27.5625818209621,-0.55613
-20.6467243738866,-20.2332221855261,0.154405
14.5320842079665,25.3327170880984,0.906535
-26.5446702259573,-12.0294516376302,0.818845
-28.9007627889874,-0.204956784005425,-0.06678
-28.4672351251164,-8.07403393834542,-1.262555
28.6629776691458,-3.91754690677301,0.295815
-28.8671501746253,6.30732943420169,1.234665
-9.78686031353428,-27.2479957906056,-0.39265
-0.883276051359354,-28.9266588076976,-0.344695
23.3070204945518,-17.3392700310789,0.65259
-28.9478660079588,1.495519163642,0.501935
-25.162808177238,-14.8458791222269,0.92078
-12.4200093702439,26.0993655408575,-0.107625
16.3390974840367,23.9812029385352,0.583975
29.0954966757076,2.80047973326397,0.938625
-23.3744457298392,-18.0799925899768,1.236485
-4.22914365446736,29.0702338905126,1.09633
0.547585322627096,-29.2944952027344,1.01939
-28.5664822157263,-4.3956984835861,-0.08999
4.33355192941953,29.4941998695984,-1.379465
-14.0614952758810,-25.3553542191022,0.52115
-18.0759590372339,-22.6250173572748,-0.417035
0.421501548374986,-29.0460398175633,0.65197
21.3827495286789,20.0166021067472,-1.00858
28.4689270548495,5.06244570938797,-0.215305
-2.41373598877199,28.8033030748337,0.113015
-24.1839465170451,15.9473325755717,0.448485
-10.6767366102977,-27.9245856066282,1.41282
-28.3760834029564,-9.6577463595512,1.4384
-3.37909777421941,28.8290356196583,-0.602675
19.1831210988277,22.1133451736432,-0.991505
22.5926026617752,-19.1934939621119,1.29604
-28.6571267018389,-4.38548030534239,-0.51381
22.5155941462039,19.1856387802596,1.256735
-5.68150365113004,28.8072163520117,1.08298
21.3870359310184,-19.8313459332923,-0.853585
25.2491976970884,14.0753058381637,-0.14856
-24.3344816572746,-17.5971949532207,1.453765
28.1616387587937,8.15554116031019,1.03969
13.7236993156838,25.7112554045249,0.82098
-20.5028870610841,-20.7731782135243,-0.882695
26.5264643044014,-11.5843207483785,0.36719
-24.2761718969276,16.0002575451922,-0.702635
7.20577994459026,28.0629691890197,0.463235
1.78082310325775,-29.3017608908071,1.076895
26.8020591401884,10.8662610637476,0.250305
-29.0333544172550,-0.874195085222698,-0.646585
27.2842239693856,-10.0253245828030,-0.689345
-2.58822061819555,-29.0729371498055,-0.88366
-28.2426301715422,6.60843034781845,-0.55254
19.670849008074,-21.6218485816127,-0.939815
13.8488485303705,25.4907238513877,-0.563295
29.6581087562432,1.97899319697908,-1.33907
-12.4689962625093,26.4177225494401,-0.91647
-28.7106851211682,-3.30274967507874,-0.0094
27.7175126310082,-10.2603921136101,-1.239785
19.7257639559158,-21.1308712098673,-0.145595
26.3891722400021,11.7914181110873,-0.105825
-23.7187835307579,-17.3565562032968,-1.109915
-17.6410302590874,-23.6006213167139,1.173055
-11.2879096623124,27.9185091527371,-1.472505
15.9574069779327,-24.759762625302,-1.1661
28.9597229964911,-3.53525517906044,-0.865255
1.14971538067802,-29.252333445096,0.992065
-28.7156031875117,-6.26537464451681,-1.110075
6.75133155387584,28.1032085669312,0.091285
-24.7533605702478,-15.5367113608554,0.932785
14.3279344398462,-25.3234828685276,-0.741075
15.1915657072694,24.6002975217896,-0.196635
24.6835487927429,-15.2676227819838,0.5966
1.83310216180177,-29.0453887282683,0.75382
18.4626862243648,22.9809252103592,1.183725
8.30279978957527,27.700627981464,-0.23283
14.9968144760700,-24.8316839955194,-0.56113
27.5061068729306,11.6611707483659,1.405455
-19.0562169810967,22.3479404874071,-1.09002
28.3091145374854,-8.5697964733278,1.2546
-22.5538335234593,-18.0835181726836,-0.157465
10.2512866086313,27.4659652018916,1.037515
22.3049634065361,18.387820726501,-0.14628
-12.2991753965319,-26.226931622129,-0.445225
-8.14684728046335,28.2318751288962,1.103365
14.4509759798243,-25.6413072028894,-1.14678
4.75099062618538,-28.8287162254446,0.922975
-24.6374351858521,16.5641758252086,-1.32023
-27.4114496235808,-10.3270794785292,1.011385
27.3963006556078,-11.5871513083429,1.34988
29.7500616230953,0.810907953202064,1.357135
-13.0783632598864,25.8742661869727,-0.516545
-18.6436133135560,-22.8885930615928,-1.215255
-16.0801673322893,-24.4568814850677,-0.986025
22.5236646502065,-18.4524083539583,-0.77732
-23.7612475944932,-16.5622284307316,0.43296
18.7824247457438,22.3844786431886,0.92685
-16.4146944232619,24.9920165463245,-1.41441
8.9288102621637,-27.7301909498999,-0.80173
28.4492755198954,-5.7934941903789,-0.617915
-18.5076200985805,22.2827279322523,0.441325
-13.4134427537219,25.6042595141611,0.12225
-17.9254490085702,-23.1226953286256,0.97154
-15.3490387786113,24.489389910563,-0.076625
-0.709165931426622,-29.4668499938048,1.181135
-28.9245281340878,3.9890653893507,-0.89774
-11.4041019849321,-26.7816280657947,0.76304
0.425439714290765,-28.9157350576881,-0.23714
19.7534855345121,-21.341656100627,-0.713095
-16.4619194754229,-24.2475194723488,-1.02797
9.56589286332371,27.7657607947118,-1.08799
26.7031782324777,-13.2593917798777,-1.380775
13.1736447992010,26.3940374615589,1.19924
-19.7326727883091,-22.0384919185422,-1.257095
-25.8078083123362,-13.0974088531215,-0.348575
22.9338072439513,18.3893526818313,1.11449
4.24854233594297,28.6138871684347,-0.28629
28.4301823780928,5.51522848061389,-0.42067
28.5702968453173,7.3982053970391,-1.20937
-9.38958779470356,-27.6331844224592,-0.879485
5.40778698872064,-28.7370545910655,0.95277
0.88068703695015,-29.8569968290233,1.40324
-23.5606522635613,16.7838365033433,0.28602
-22.948502622697,18.0503583962543,0.895625
-21.3760126861321,-19.7459703357443,0.749145
-18.3773002985974,-22.3898813890562,-0.4402
-13.0846870853379,-25.7836681697796,0.202845
27.8837755259458,-7.80831975081483,-0.407565
20.9404008576239,-20.4891704206028,-1.016415
22.2101441694562,18.5608530499882,0.36347
-4.08348360081707,28.6296527865845,0.240485
13.4303026924004,25.8261666052806,0.76462
24.033275775871,-17.2398276911454,-1.254185
17.7741184713039,-22.8860390444277,-0.47563
-24.174591173383,-15.8427476877658,-0.10013
7.003283931958,28.0684799577743,0.293405
4.63745238888233,28.6897560176529,0.678335
-23.9644451337565,-17.4673294325378,-1.30175
-25.294004895097,-13.9864679215462,-0.101285
13.3094558331222,-25.6605808223661,-0.14337
27.1083641829117,10.3849480747301,-0.60964
-29.7639394196855,-4.60038224548205,-1.47313
22.5084389905259,-18.4130167288111,-0.713175
14.3417756944569,25.2221349134976,-0.57486
-20.7824865151703,20.2286900433602,0.5435
0.602664667738124,28.9094782588496,0.216865
21.9366849193988,-18.87644670884,-0.345175
26.2960793697077,-12.3215709728133,-0.63215
28.4818454563473,-6.3015355796437,-0.859425
28.1100816646082,-6.75680792481821,0.179215
24.5848808429789,-16.0505410392162,1.081365
16.8676425227226,-23.4669026837165,0.012365
21.4921024143607,19.362267336667,0.286585
7.27547564285605,28.3401075831124,-0.97382
-18.895627422522,23.0611162287111,1.380695
-17.9027819850931,23.2038633505763,-1.027825
28.2188364203213,6.2754931236555,0.15673
-28.8882745606974,1.22557536597082,-0.20634
-29.3218273514868,2.91683039832268,1.174165
-18.7073164553701,22.1669176011190,0.553335
4.31647948391506,-28.5764035148192,0.0413
17.1747507016825,-23.8735711624617,-1.12647
28.112379461911,6.97169081727887,-0.433305
2.77665044400458,-28.8599093461066,0.520425
15.8755054995382,-25.1933153566492,-1.365
-21.0379101737031,-20.0772709880671,-0.713865
-29.0928090606044,-0.511740701549868,-0.74364
-18.8971036205036,-22.183698199821,0.815935
28.2926120057707,-6.113893893401,-0.367305
-29.546961666621,-1.31924649570703,-1.253665
-2.69094037046985,-29.6658303422941,1.369305
-11.5868435744955,27.3399027895959,1.32339
8.20468943531913,-27.7430435035748,-0.30259
-24.0156577019459,16.0772100077648,0.030975
7.16481054527452,28.062530635317,0.429275
-23.3161540224539,17.1392296614826,0.33461
-12.9468740641328,26.6482174854584,-1.285385
19.4809835036786,21.5290562541552,-0.62107
-10.4617498527738,-27.1797165822416,0.787945
-29.3100219626693,2.94259310587253,1.166805
-16.9390411734534,24.0598483470227,-1.139565
3.82735997340922,-28.966043892535,-0.923265
-29.2320524279755,0.816616185530598,-0.9552
-28.5595036216347,-4.64780345472446,0.323165
27.8239133260987,10.2763156792818,1.30531
-12.6306404992706,26.0066542988248,0.186
-26.6170282266368,11.8474541430545,0.80555
28.5310372811943,7.62140609811224,1.222945
-12.9827521804739,-25.8198023438603,-0.01469
29.3671492382643,5.55872935092873,1.410135
16.1158990899319,-24.1980634527833,0.700285
28.7705303526348,3.52217522418130,0.498695
28.2540063497165,9.3491154963959,-1.35691
5.46809328370099,-29.0772154844825,-1.2605
26.0822291259305,-13.1383293603428,0.90587
14.7609358807043,25.5199354608631,-1.185815
-4.56441436521442,-28.5587663821424,-0.251415
-0.465979042644912,29.2608829680613,-0.98023
-26.6919869933902,11.2939869943514,0.492155
-28.2987309036138,6.152584783479,-0.419465
-13.7103901420589,25.4607045736805,0.228515
-22.8373855143696,-18.4452069333505,-1.077015
-29.6748652145591,-2.15668886105184,1.353355
-18.1787653768379,22.4678923870352,0.05744
3.51566042160237,-28.6872013777585,0.07389
27.4782566444858,10.2790855226222,1.05925
-8.31374485281148,27.7316031519378,-0.387795
4.23183660984686,28.6819681653163,0.51853
25.5246282630525,-14.2762411923187,0.95805
26.0951929836475,-13.3502874909808,1.03252
-22.4487858424725,18.2215482401782,0.198515
-16.2678313116645,24.4444763029202,1.083625
-22.1030447639401,20.1181001249779,1.409855
-6.09367532360858,28.9180388769231,1.23805
-18.2658212816203,22.7770970900712,0.895335
7.20297361831177,-29.1901100493883,-1.46227
-14.9426067475044,-25.669727780039,-1.32777
-17.7326152667014,-22.9250972495101,0.491615
16.972654611068,23.8251674409020,-0.96606
-9.39309471061817,27.4152934590845,-0.48272
22.5102781527362,-18.3798040649802,-0.675675
-25.9669139297609,12.754050513589,0.298625
-28.8733615939709,-1.27738571567417,-0.06932
-26.3189577468951,12.1913794072058,0.55253
-28.8211415704233,-6.4678283075065,1.22755
18.2181505026183,-22.9342247513559,1.00845
26.6028841047644,11.2926490560702,0.037605
1.37622739457665,28.8762715323077,0.1645
22.9490655645530,17.8074353610290,0.6489
-11.2059325548029,-26.8605881407263,-0.755865
27.6263453486728,8.55983340544195,-0.25631
-2.05437253270597,-29.5962935668286,1.30899
29.3953221501565,-2.61867893567494,-1.20871
16.4559469612556,23.9104191883522,-0.60168
25.1643715435106,-15.2177620928538,-1.12507
-23.641531452881,16.7412180878558,-0.44902
-24.9928484980486,-15.4545932215502,1.10457
-3.58178460424233,29.3429889358250,1.24327
-13.2090805753061,25.7503564575388,0.3468
5.75720307224658,-28.3611874680118,0.342525
14.1181383741855,25.2275021484803,0.166965
22.0142583051615,19.1170645415986,-0.838575
-26.1934603437227,-13.1678575462482,-1.0379
27.0921329255041,13.7164493970334,1.499625
-18.9687865457768,-22.0551619643305,0.73121
26.6636776248377,-11.1833928219032,-0.204535
6.77645068292379,28.4069976280596,0.905405
-29.3465720943471,-3.40161915299889,1.23112
-25.8032197770215,13.5033098660160,-0.786835
6.4602944445032,-28.6282600382295,-1.06938
3.48267940628706,-29.0814228563215,1.008045
28.7029159172032,4.44244099052951,-0.64271
-6.98842380663538,28.0801603738676,-0.329835
-22.0198894026869,-19.0885897692312,0.8168
9.55820190656095,27.7315998403953,-1.05387
24.4727792871339,15.3900913580449,-0.17047
-5.86139035151153,-28.663847217854,-0.971365
0.562656343299595,-29.0480643529521,-0.66104
27.8859922148007,-8.76576419024618,0.94025
-4.85204750697359,-28.6672216980540,-0.703
-30.0727534370003,1.00177978720705,-1.467495
-5.65297298976891,-28.7770947843105,1.04825
-2.04749467697648,29.2259355901321,-1.017175
-28.8029672386734,-7.03947916767589,1.29945
-16.604288934024,23.6685039477791,0.188935
-27.0135361336759,-10.875691956169,0.783095
-1.31707505457081,-29.0186832036546,-0.650845
21.2641547271388,-19.7137726136866,0.52933
15.9192939212245,24.9089382551072,-1.243715
7.10743183449253,28.0605522142481,-0.371285
27.9399544496543,7.39867559651572,-0.09428
-9.88267370026345,27.1819789614621,0.26044
-28.1825503987614,-6.40489641329331,0.05977
27.8208910892959,9.067832238664,-0.97648
-25.4587492091587,-13.7303644788583,-0.27414
-16.3549590445256,23.8392445490213,-0.17383
11.9967043098176,27.6043201202567,-1.469385
25.6702481661846,14.1468758405703,-1.03084
-22.9348524971684,18.7417247913762,-1.280375
-29.0535338374064,0.0789799672371362,-0.661305
11.2505687147584,-26.6243320424936,0.10691
28.8909316440921,1.49808498636408,0.29723
-28.1163870900821,-6.68472952125928,-0.01884
27.3429716938549,-9.46226731178455,-0.317255
-6.6423832405498,28.7652774665526,-1.21636
-25.5399335245009,-15.5820437942269,1.42046
9.20674476099922,28.1996396010197,-1.307315
8.04951867092483,28.8499738206877,-1.4315
12.2973220517913,-26.5217071052709,-0.943595
-25.1230148546950,16.0213425784914,1.37337
-28.7221980628617,-3.24538897280202,-0.122005
19.5400304734851,21.3335265039233,0.297405
-24.2934926192284,-15.6576107560395,-0.080385
-27.5627119851832,-9.68829549840328,0.92076
29.3779908057207,-4.39505056596025,-1.32924
-28.9215890839929,-0.598257156286781,-0.28734
-11.1069127895645,-27.0095317821709,0.90541
-26.8796993652423,-11.6542141576945,-1.017015
16.2004764569316,-24.1758821125252,0.75186
22.0452488955028,-18.9184365386618,0.65375
-29.2845353155806,2.47414383778572,-1.107975
-13.7068886463886,-26.8806066857363,1.482815
-29.0909341093756,-0.355666916723487,-0.736235
11.4434408535702,-26.6464330608765,-0.537835
-26.4901496230785,11.5669823669793,-0.12736
-25.5761032746154,13.7966798449061,0.67416
-29.2009577324302,-3.29593664066536,-1.105695
-10.5588698607166,-27.8111062613269,1.35092
27.2381900785976,-10.2485342072929,0.75254
-4.88951466672027,28.5828859348535,-0.533505
-28.5749607012799,-4.47334058180505,-0.26158
-6.8830978533515,-28.2024164351430,-0.611295
6.17742370082159,28.2972339226702,0.432375
